Model,Feature 1,Feedback 1,Feature 2,Feedback 2,Feature 3,Feedback 3
t+13,t-12 Vol,0.0165835758851578,t-4 ROC,0.013865004597316,t-1 Price,0.0132550595466747
